--Pozicie
INSERT INTO Pozicia (id_pozicia, nazov) VALUES
(10, 'Lekarnik'),
(1, 'Student');

--Zamestnanci
INSERT INTO Zamestnanec (id_zamestnanec, meno, priezvysko) VALUES
(1001, 'Dano', 'Drevo'),
(1002, 'Kim', 'Petrasova'),
(1003, 'Šano', 'Fekete'),
(1004, 'Peder', 'Ryšavi'),
(1005, 'Ctibor', 'Ryšavi'),
(1006, 'Gabor', 'Fékeshvehervárbalatonsabatišósto'),
(1007, 'Creeper', 'Awwman'),
(1008, 'Valentina', 'Ally'),
(1009, 'Ištván', 'Farkaš'),
(1010, 'Jozef', 'Šlota'),
(1011, 'Ľudoslav', 'Kollman'),
(1012, 'Mekky', 'Žbirka'),
(1013, 'Robert', 'Kazík'),
(1014, 'Brigita', 'DeMerte'),
(1015, 'Jano', 'Straí'),
(1016, 'Branislav', 'Mojsej'),
(1017, 'Mária', 'Gombitová'),
(1018, 'Zuzana', 'French'),
(1019, 'Vajcomiera', 'Gombitová'),
(1020, 'Stano', 'Mojsej');

INSERT INTO Zmluva (id_zamestnanec, datum, mzda, id_pozicia) VALUES
(1001, '2025-05-11', 1200.00, 1),
(1002, '2025-05-11', 2500.00, 10),
(1003, '2025-05-11', 1200.00, 1),
(1004, '2025-05-11', 1200.00, 1),
(1005, '2025-05-11', 2500.00, 10),
(1006, '2025-05-11', 1200.00, 1),
(1007, '2025-05-11', 2500.00, 10),
(1008, '2025-05-11', 2500.00, 10),
(1009, '2025-05-11', 2500.00, 10),
(1010, '2025-05-11', 2500.00, 10),
(1011, '2025-05-11', 2500.00, 10),
(1012, '2025-05-11', 2500.00, 10),
(1013, '2025-05-11', 2500.00, 10),
(1014, '2025-05-11', 2500.00, 10),
(1015, '2025-05-11', 2500.00, 10),
(1016, '2025-05-11', 2500.00, 10),
(1017, '2025-05-11', 2500.00, 10),
(1018, '2025-05-11', 1200.00, 1),
(1019, '2025-05-11', 2500.00, 10),
(1020, '2025-05-11', 1200.00, 1);


--Smeny
INSERT INTO Smeny (id_smeny, cas_od, cas_do, den) VALUES
(2025010101, '08:00', '12:00', 3),
(2025010102, '12:00', '18:00', 3),
(2025010201, '08:00', '12:00', 4),
(2025010202, '12:00', '18:00', 4),
(2025010301, '08:00', '12:00', 5),
(2025010302, '12:00', '18:00', 5),
(2025010401, '08:00', '12:00', 6),
(2025010402, '12:00', '18:00', 6),
(2025010501, '08:00', '12:00', 7),
(2025010502, '12:00', '18:00', 7),
(2025010601, '08:00', '12:00', 1),
(2025010602, '12:00', '18:00', 1),
(2025010701, '08:00', '12:00', 2),
(2025010702, '12:00', '18:00', 2),
(2025010801, '08:00', '12:00', 3),
(2025010802, '12:00', '18:00', 3),
(2025010901, '08:00', '12:00', 4),
(2025010902, '12:00', '18:00', 4),
(2025011001, '08:00', '12:00', 5),
(2025011002, '12:00', '18:00', 5),
(2025011101, '08:00', '12:00', 6),
(2025011102, '12:00', '18:00', 6),
(2025011201, '08:00', '12:00', 7),
(2025011202, '12:00', '18:00', 7),
(2025011301, '08:00', '12:00', 1),
(2025011302, '12:00', '18:00', 1),
(2025011401, '08:00', '12:00', 2),
(2025011402, '12:00', '18:00', 2),
(2025011501, '08:00', '12:00', 3),
(2025011502, '12:00', '18:00', 3),
(2025011601, '08:00', '12:00', 4),
(2025011602, '12:00', '18:00', 4),
(2025011701, '08:00', '12:00', 5),
(2025011702, '12:00', '18:00', 5),
(2025011801, '08:00', '12:00', 6),
(2025011802, '12:00', '18:00', 6),
(2025011901, '08:00', '12:00', 7),
(2025011902, '12:00', '18:00', 7),
(2025012001, '08:00', '12:00', 1),
(2025012002, '12:00', '18:00', 1),
(2025012101, '08:00', '12:00', 2),
(2025012102, '12:00', '18:00', 2);

--Ucast
INSERT INTO Ucast (id_zamestnanec, id_smeny) VALUES
(1001, 2025010101),
(1005, 2025010101),
(1006, 2025010102),
(1007, 2025010102),
(1004, 2025010201),
(1008, 2025010301),
(1002, 2025010401),
(1001, 2025010402),
(1005, 2025010501),
(1006, 2025010501),
(1007, 2025010502),
(1001, 2025010601),
(1004, 2025010601),
(1002, 2025010701),
(1001, 2025010702),
(1005, 2025010801),
(1008, 2025011001),
(1006, 2025011101),
(1007, 2025011102),
(1004, 2025011301),
(1001, 2025011302),
(1002, 2025011401),
(1001, 2025011402),
(1005, 2025011501),
(1001, 2025011701),
(1002, 2025011701),
(1004, 2025011701),
(1005, 2025011701),
(1006, 2025011701),
(1007, 2025011701),
(1008, 2025011701),
(1009, 2025011701),
(1010, 2025011701),
(1011, 2025011701),
(1012, 2025011701),
(1013, 2025011701),
(1014, 2025011701),
(1015, 2025011701),
(1016, 2025011701),
(1017, 2025011701),
(1018, 2025011701),
(1019, 2025011701),
(1020, 2025011701),
(1006, 2025011801),
(1007, 2025011802),
(1001, 2025011901),
(1002, 2025011901),
(1004, 2025011902),
(1005, 2025011902),
(1006, 2025011902),
(1007, 2025011902),
(1018, 2025011902),
(1001, 2025012001),
(1020, 2025012001),
(1001, 2025012101),
(1002, 2025012101),
(1004, 2025012101),
(1005, 2025012101),
(1006, 2025012101),
(1007, 2025012101),
(1013, 2025012101),
(1001, 2025012102),
(1002, 2025012102),
(1004, 2025012102),
(1005, 2025012102),
(1006, 2025012102),
(1007, 2025012102),
(1008, 2025012102),
(1001, 2025010102),
(1005, 2025012001),
(1008, 2025011902);
--Produkty
INSERT INTO Produkt (id_produkt, nazov, typ, cena, ks) VALUES
(50001, 'Paralen 500', 'lieky', 2.99, 150),
(50002, 'Muconasal Plus', 'lieky', 5.49, 120),
(50003, 'Ibalgin 400', 'lieky', 3.49, 200),
(50004, 'Acylpyrin', 'lieky', 2.79, 180),
(50005, 'Olynth', 'lieky', 4.99, 160),
(50006, 'Dorithricin', 'lieky', 6.49, 140),
(50007, 'Theraflu', 'lieky', 5.99, 130),
(50008, 'Nebilet', 'lieky', 7.99, 100),
(50009, 'Novalgin', 'lieky', 6.99, 110),
(50010, 'Magnosolv', 'lieky', 5.49, 90),
(50011, 'Stoptussin', 'lieky', 4.99, 150),
(50012, 'Coldrex', 'lieky', 5.99, 140),
(50013, 'Zodac', 'lieky', 3.99, 130),
(50014, 'Nurofen', 'lieky', 4.49, 120),
(50015, 'Hedelix', 'lieky', 5.49, 110),
(50016, 'Panadol', 'lieky', 3.99, 100),
(50017, 'Aspirin', 'lieky', 2.99, 90),
(50018, 'BioGaia', 'lieky', 9.99, 80),
(50019, 'Imodium', 'lieky', 5.99, 70),
(50020, 'Detralex', 'lieky', 7.49, 60),
(50021, 'Slzy Arabských Polosirôt', 'lieky', 50, 60),


(60001, 'Vitamín C 1000mg so šípkami', 'vitamin', 7.88, 100),
(60002, 'Vitamín D3 2000 IU', 'vitamin', 6.49, 90),
(60003, 'Vitamín B-komplex', 'vitamin', 4.99, 80),
(60004, 'Multivitamín pre ženy', 'vitamin', 7.99, 70),
(60005, 'Multivitamín pre mužov', 'vitamin', 7.99, 60),

(70006, 'Kolagén Forte', 'vyzivove doplnky', 9.99, 50),
(70007, 'Magnézium 400mg', 'vyzivove doplnky', 5.49, 40),
(70008, 'Omega-3 mastné kyseliny', 'vyzivove doplnky', 6.99, 30),
(70009, 'Probiotiká Complex', 'vyzivove doplnky', 8.49, 20),
(70010, 'Železo + Vitamín C', 'vyzivove doplnky', 4.99, 10),
(70011, 'Čierneuhlie SERIOUS BlACK', 'vyzivove doplnky', 12, 60),


(80011, 'Halls mentolové', 'cukriky', 1.29, 200),
(80012, 'Halls citrónové', 'cukriky', 1.29, 190),
(80013, 'Orbit spearmint', 'zuvacky', 1.49, 180),
(80014, 'Orbit peppermint', 'zuvacky', 1.49, 170),
(80015, 'Homošlerky', 'cukriky', 69, 1),


(90016, 'Apotheke Bio rumančekový čaj', 'caje', 2.79, 100),
(90017, 'Fyto Pharma Tatranská priedušková zmes', 'caje', 2.19, 90),
(90018, 'Herbex Urologický čaj s brusnicami', 'caje', 2.39, 80),
(90019, 'Apotheke Bio čaj pre tehotné ženy', 'caje', 2.49, 70),
(90020, 'HiPP Mama BIO čaj pre dojčiace matky', 'caje', 4.49, 60);

--Liek
INSERT INTO Liek (id_produkt, forma, latka, choroba, cielovka) VALUES
(50001, 'sprej', 'xylometazolín', 'hnačka', 'deti'),
(50002, 'tabletka', 'ibuprofen', 'kašeľ', 'všetci'),
(50003, 'gél', 'ambroxol', 'kašeľ', 'tehotné ženy'),
(50004, 'sirup', 'cetirizín', 'kašeľ', 'tehotné ženy'),
(50005, 'čapík', 'pseudoefedrín', 'nádcha', 'seniori'),
(50006, 'sirup', 'ambroxol', 'kašeľ', 'deti'),
(50007, 'gél', 'ibuprofen', 'alergia', 'seniori'),
(50008, 'kvapky', 'xylometazolín', 'nádcha', 'tehotné ženy'),
(50009, 'kvapky', 'acetylsalicylová kyselina', 'hnačka', 'deti'),
(50010, 'čapík', 'pseudoefedrín', 'alergia', 'deti'),
(50011, 'kvapky', 'pseudoefedrín', 'bolesť', 'všetci'),
(50012, 'sprej', 'ambroxol', 'alergia', 'seniori'),
(50013, 'kvapky', 'ibuprofen', 'hnačka', 'seniori'),
(50014, 'sirup', 'paracetamol', 'bolesť', 'dospelí'),
(50015, 'gél', 'xylometazolín', 'hnačka', 'seniori'),
(50016, 'kvapky', 'ambroxol', 'hnačka', 'deti'),
(50017, 'tabletka', 'cetirizín', 'nádcha', 'všetci'),
(50018, 'tabletka', 'ambroxol', 'horúčka', 'deti'),
(50019, 'gél', 'cetirizín', 'nádcha', 'všetci'),
(50020, 'kvapky', 'cetirizín', 'bolesť', 'dospelí'),
(50021, 'sérum', 'neznáma', 'vážne zranenia', 'všetci');

--Zakaznici
INSERT INTO Zakaznik (id_zakaznik, meno, priezvysko) VALUES
(19990304014, 'Peter', 'Novák'),
(19900610131, 'Jozef', 'Kováč'),
(19800906077, 'Martin', 'Varga'),
(19961011077, 'Lukáš', 'Tóth'),
(19920714099, 'Tomáš', 'Baláž'),
(20010308046, 'Marek', 'Szabó'),
(19791228044, 'Andrej', 'Horváth'),
(20010919021, 'Michal', 'Molnár'),
(19890215069, 'Róbert', 'Nagy'),
(19951121085, 'Samuel', 'Kiss');

--Vernostne Karty
INSERT INTO Vernostna_karta (id_zakaznik, body) VALUES
(19990304014, 1),
(19900610131, 9),
(19800906077, 1),
(19961011077, 1),
(19920714099, 6),
(20010308046, 9),
(19791228044, 4),
(20010919021, 0),
(19890215069, 8),
(19951121085, 7);

--Predpisi
INSERT INTO Predpis (id_predpis, datum, davkovanie, id_zakaznik, id_zamestnanec, id_produkt) VALUES
(20250126442, '2025-01-26', '2x denne', 19990304014, 1012, 50002),
(20250129427, '2025-01-29', '1x denne', 19990304014, 1005, 50013),
(20250304700, '2025-03-04', '2x denne', 19900610131, 1016, 50013),
(20250122603, '2025-01-22', '2x denne', 19900610131, 1002, 50013),
(20250316974, '2025-03-16', '3x denne', 19800906077, 1015, 50013),
(20250306919, '2025-03-06', '2x denne', 19800906077, 1007, 50013),
(20250310903, '2025-03-10', '2x denne', 19961011077, 1016, 50013),
(20250117316, '2025-01-17', '2x denne', 19961011077, 1015, 50013),
(20250314714, '2025-03-14', '3x denne', 19920714099, 1007, 50013),
(20250124941, '2025-01-24', '2x denne', 19920714099, 1011, 50013),
(20250110137, '2025-01-10', '2x denne', 20010308046, 1005, 50013),
(20250221690, '2025-02-21', '3x denne', 20010308046, 1012, 50006),
(20250115724, '2025-01-15', '2x denne', 19791228044, 1014, 50001),
(20250115756, '2025-01-15', '3x denne', 19791228044, 1013, 50005),
(20250111945, '2025-01-11', '3x denne', 20010919021, 1010, 50002),
(20250104210, '2025-01-04', '2x denne', 20010919021, 1007, 50007),
(20250317360, '2025-03-17', '3x denne', 19890215069, 1017, 50004),
(20250214164, '2025-02-14', '1x denne', 19890215069, 1019, 50007),
(20250226417, '2025-02-26', '2x denne', 19951121085, 1012, 50006);

--Predaj
INSERT INTO Predaj (id_predaj, cena, mnozstvi, id_zamestnanec, id_smeny, id_zakaznik) VALUES
(20250001, 72.66, 1, 1001, 2025010101, 19990304014),
(20250002, 79.5, 1, 1001, 2025010101, 19900610131),
(20250003, 248.61, 4, 1001, 2025010101, 19920714099),
(20250004, 137.76, 4, 1001, 2025010101, 19800906077),
(20250005, 56.24, 1, 1001, 2025010101, 19961011077),
(20250006, 104.7, 3, 1001, 2025010101, 19920714099),
(20250007, 179.85, 4, 1001, 2025010102, 20010308046),
(20250008, 134.8, 4, 1001, 2025010102, 19791228044),
(20250009, 134.33, 3, 1001, 2025010102, 20010919021),
(20250010, 163.71, 1, 1001, 2025010102, 19890215069),
(20250011, 64.75, 4, 1001, 2025010102, 19951121085),
(20250012, 217.71, 3, 1001, 2025010102, 19791228044),
(20250013, 242.53, 3, 1001, 2025010102, 19791228044),
(20250014, 117.62, 4, 1001, 2025010102, 20010308046),
(20250015, 196.76, 1, 1001, 2025010102, 19900610131),
(20250016, 57.87, 13, 1002, 2025010401, NULL),
(20250017, 68.47, 13, 1002, 2025010701, NULL),
(20250018, 72.96, 13, 1002, 2025012101, NULL),

(20250019, 45.90, 3, 1001, 2025010101, NULL),
(20250020, 32.75, 2, 1005, 2025010101, NULL),
(20250021, 41.20, 2, 1006, 2025010102, NULL),
(20250022, 58.10, 4, 1007, 2025010102, NULL),
(20250023, 37.50, 1, 1004, 2025010201, NULL),
(20250024, 44.95, 2, 1004, 2025010201, NULL),
(20250025, 39.99, 1, 1008, 2025010301, NULL),
(20250026, 49.60, 3, 1008, 2025010301, NULL),
(20250027, 66.00, 3, 1002, 2025010401, NULL),
(20250028, 54.30, 2, 1002, 2025010401, NULL),
(20250029, 33.20, 1, 1001, 2025010402, NULL),
(20250030, 47.80, 3, 1001, 2025010402, NULL),
(20250031, 38.10, 2, 1005, 2025010501, NULL),
(20250032, 59.90, 4, 1006, 2025010501, NULL),
(20250033, 41.70, 3, 1007, 2025010502, NULL),
(20250034, 36.85, 2, 1007, 2025010502, NULL),
(20250035, 46.10, 3, 1001, 2025010601, NULL),
(20250036, 50.20, 2, 1004, 2025010601, NULL),
(20250037, 61.45, 3, 1002, 2025010701, NULL),
(20250038, 34.70, 1, 1002, 2025010701, NULL),
(20250039, 39.95, 2, 1001, 2025010702, NULL),
(20250040, 42.60, 3, 1001, 2025010702, NULL),
(20250041, 48.75, 3, 1005, 2025010801, NULL),
(20250042, 36.90, 1, 1005, 2025010801, NULL),
(20250043, 57.55, 3, 1008, 2025011001, NULL),
(20250044, 44.35, 2, 1008, 2025011001, NULL),
(20250045, 38.20, 1, 1006, 2025011101, NULL),
(20250046, 51.10, 3, 1006, 2025011101, NULL),
(20250047, 47.25, 2, 1007, 2025011102, NULL),
(20250048, 33.40, 1, 1007, 2025011102, NULL),
(20250049, 45.60, 2, 1004, 2025011301, NULL),
(20250050, 52.30, 3, 1004, 2025011301, NULL),
(20250051, 49.80, 2, 1001, 2025011302, NULL),
(20250052, 46.90, 1, 1001, 2025011302, NULL),
(20250053, 60.40, 3, 1002, 2025011401, NULL),
(20250054, 42.75, 2, 1002, 2025011401, NULL),
(20250055, 48.30, 2, 1001, 2025011402, NULL),
(20250056, 39.60, 1, 1001, 2025011402, NULL),
(20250057, 35.90, 1, 1005, 2025011501, NULL),
(20250058, 51.85, 3, 1005, 2025011501, NULL),
(20250061, 53.70, 3, 1006, 2025011801, NULL),
(20250062, 36.50, 2, 1006, 2025011801, NULL),
(20250063, 47.90, 2, 1007, 2025011802, NULL),
(20250064, 45.20, 1, 1007, 2025011802, NULL),
(20250065, 62.40, 4, 1001, 2025011901, NULL),
(20250066, 55.30, 3, 1002, 2025011901, NULL),
(20250067, 33.60, 1, 1004, 2025011902, NULL),
(20250068, 48.90, 2, 1005, 2025011902, NULL),
(20250069, 59.25, 3, 1006, 2025011902, NULL),
(20250070, 44.15, 2, 1007, 2025011902, NULL),
(20250071, 53.40, 3, 1008, 2025011902, NULL),
(20250072, 38.80, 2, 1001, 2025012001, NULL),
(20250073, 45.60, 3, 1005, 2025012001, NULL),
(20250074, 49.70, 2, 1002, 2025012101, NULL),
(20250075, 41.30, 1, 1002, 2025012101, NULL),
(20250076, 50.60, 2, 1001, 2025012102, NULL),
(20250077, 36.75, 1, 1001, 2025012102, NULL),
(20250078,76.99, 1, 1001, 2025012102, NULL);


--Kosik
INSERT INTO Kosik (id_predaj, id_produkt) VALUES
(20250016, 50001),
(20250016, 50004),
(20250016, 50007),
(20250016, 50010),
(20250016, 50013),
(20250016, 50016),
(20250016, 50019),
(20250017, 50002),
(20250017, 50005),
(20250017, 50008),
(20250017, 50011),
(20250017, 50014),
(20250017, 50017),
(20250017, 50020),
(20250018, 50003),
(20250018, 50006),
(20250018, 50009),
(20250018, 50012),
(20250018, 50015),
(20250018, 50018),
(20250018, 50021),
(20250019, 50019),
(20250019, 50015),
(20250020, 50014),
(20250020, 50005),
(20250020, 80011),
(20250021, 50002),
(20250021, 50020),
(20250022, 70008),
(20250022, 50014),
(20250022, 50010),
(20250023, 50006),
(20250023, 70009),
(20250023, 50001),
(20250023, 50019),
(20250024, 50019),
(20250025, 50005),
(20250026, 70006),
(20250026, 70008),
(20250027, 50014),
(20250027, 50011),
(20250028, 50003),
(20250028, 90016),
(20250029, 90016),
(20250030, 60004),
(20250030, 60002),
(20250030, 80011),
(20250031, 50016),
(20250032, 50018),
(20250033, 50015),
(20250033, 60001),
(20250033, 50008),
(20250033, 70006),
(20250034, 80013),
(20250034, 70008),
(20250034, 60002),
(20250034, 50009),
(20250035, 50003),
(20250035, 50019),
(20250035, 80011),
(20250036, 50006),
(20250036, 50005),
(20250036, 50015),
(20250036, 90016),
(20250037, 50001),
(20250037, 90016),
(20250037, 80013),
(20250037, 90019),
(20250038, 80014),
(20250039, 80011),
(20250039, 60003),
(20250039, 90017),
(20250039, 50001),
(20250040, 50002),
(20250040, 50013),
(20250040, 60003),
(20250040, 50012),
(20250041, 90017),
(20250041, 50010),
(20250042, 80013),
(20250042, 70006),
(20250042, 50003),
(20250043, 50012),
(20250043, 50002),
(20250043, 60004),
(20250044, 50014),
(20250045, 50015),
(20250045, 60004),
(20250045, 50004),
(20250046, 90017),
(20250046, 50020),
(20250047, 60002),
(20250048, 50001),
(20250049, 50006),
(20250050, 90019),
(20250050, 50015),
(20250050, 70007),
(20250050, 80014),
(20250051, 90018),
(20250051, 60003),
(20250051, 50010),
(20250051, 50003),
(20250052, 60004),
(20250052, 50015),
(20250052, 50016),
(20250053, 60004),
(20250053, 80011),
(20250053, 90016),
(20250053, 90018),
(20250053, 70006),
(20250054, 70006),
(20250054, 60001),
(20250054, 50017),
(20250054, 60003),
(20250054, 90017),
(20250055, 60004),
(20250056, 50019),
(20250056, 60001),
(20250056, 50011),
(20250056, 50005),
(20250056, 70010),
(20250057, 50014),
(20250057, 70007),
(20250058, 60003),
(20250058, 50015),
(20250058, 80013),
(20250061, 50013),
(20250061, 50007),
(20250061, 80011),
(20250062, 70006),
(20250062, 50013),
(20250062, 50009),
(20250063, 90019),
(20250063, 50017),
(20250063, 60001),
(20250064, 80011),
(20250065, 50006),
(20250065, 90018),
(20250066, 70008),
(20250067, 70007),
(20250067, 50020),
(20250067, 50009),
(20250067, 60003),
(20250068, 80012),
(20250069, 50016),
(20250069, 60001),
(20250070, 80014),
(20250071, 50015),
(20250071, 70007),
(20250071, 80011),
(20250072, 70008),
(20250072, 50016),
(20250073, 50015),
(20250073, 50003),
(20250073, 90019),
(20250073, 50008),
(20250073, 50012),
(20250074, 60001),
(20250074, 80011),
(20250075, 70009),
(20250075, 50017),
(20250075, 50007),
(20250075, 50011),
(20250075, 50008),
(20250076, 50001),
(20250076, 50002),
(20250076, 50018),
(20250076, 50013),
(20250076, 50006),
(20250077, 50002),
(20250077, 50010),
(20250077, 60001),
(20250077, 50015),
(20250077, 70006),
(20250078, 60005),
(20250078, 80015);